start,obj_value,v_max_1,Ka1_1,Ka2_1,Ka3_1,K_g6p_1,Ks_g6p_pgi,Kp_f6p_pgi,kcat_f_2,Ks_f6p_3,Ks_atp_3,Kp_fbp_3,Kp_adp_3,kcat_f_3,Ks_fbp_4,Kp_g3p_4,Kp_dhap_4,kcat_f_4,kcat_f_5,Ks_dhap_5,Kp_g3p_5,kcat_f_6,Ks_g3p_6,Ks_pi_6,Ks_nad_6,Kp_pgp_6,Kp_nadh_6,kcat_f_7,Ks_pgp_7,Ks_adp_7,Ks_3pg_7,Ks_atp_7,kcat_f_8,Ks_3pg_8,Ks_2pg_8,kcat_f_9,Ks_2pg_9,Ks_pep_9,converged
single,35.03196927341773,30.25909009616153,0.027730017863585317,0.0699226690147034,0.4173203302584761,1.5939628991151669,0.00014350864331311568,0.910179420389708,26.440988369173684,0.22978713606586923,0.1792042369514452,0.6710854611037165,0.5488832192872956,129.96767923812595,0.021915847498584135,0.00011264047338428313,0.2622531848083933,5.781924614224633,1272.0746858674995,0.001853138122908567,0.47034187356735585,6.708855476280818,1.0811781429012761,0.6418735912360193,0.00021306666178977902,0.40826227914682545,0.41336035711184654,26.13106969868286,0.0007669903902971789,0.0007669903908834158,1.0888395290045663,1.0845764107464344,161.15580554666732,0.00010273048813003307,0.4148141276635629,7.525701736911986,0.00010095476107894671,0.46882674127965074,True
multistart,84.988974987318,90.8600811900481,0.02074285637617582,0.058864493379280174,6.895855705107802,55.403841336559665,5.201631053776127,49.71653853560368,3242.510606252853,1.6697847354969355,17.44440760413858,48.760743372530456,48.406601417478456,3075.1048292331416,39.82915995265755,47.98671726025799,50.009691772975046,1446.4801039654897,208.72324488692365,0.00025197863265103316,43.44515992275713,46.00376346387162,2.998117575579046,0.00012996422069376723,3.7690334977280417,50.09738465127847,49.4858236946802,4206.203042179914,0.00016467858504602895,2.5827315740828922,57.289763175707265,56.654375376016645,1646.7626692231604,21.499679993407266,45.27908880780927,298.57610821851796,2.1077299289433493,49.684088139016694,True
