{
  "method": "multistart",
  "best_obj": 69.69128968663465,
  "n_converged": 2,
  "obj_median": 85.13134191446444,
  "frac_within": 0.5
}