{
  "method": "multistart",
  "best_obj": 35.03196927341773,
  "n_converged": 2,
  "obj_median": 60.010472130367866,
  "frac_within": 0.5
}