{
  "met": 0.4414934949977007,
  "flux": 4.988739315584061,
  "data_norm": 2.8588553903119083,
  "weighted": 18.921729143390554
}