{
  "met": 2.7066969459109966,
  "flux": 1.2144985940036244,
  "data_norm": 22.505527922743575,
  "weighted": 160.72481293640007
}