{
  "met": 1.9416924935120177,
  "flux": 3.3968218232677883,
  "data_norm": 19.849736141640772,
  "weighted": 151.270755594422
}