{
  "met": 0.32113386064012617,
  "flux": 1.2129210442530751,
  "data_norm": 2.433521610290542,
  "weighted": 15.010617961126629
}