{
  "met": 0.47642618166820394,
  "flux": 1.2227810235789869,
  "data_norm": 2.3515367632198534,
  "weighted": 13.590511118351767
}