{
  "met": 0.3756991750794518,
  "flux": 3.9043837657203886,
  "data_norm": 4.322187768879653,
  "weighted": 25.402704842274005
}