start,obj_value,v_max_1,Ka1_1,Ka2_1,Ka3_1,K_g6p_1,Kp_f6p_pgi,kcat_f_2,Ks_f6p_3,Ks_atp_3,Kp_fbp_3,Kp_adp_3,kcat_f_3,Ks_fbp_4,Kp_g3p_4,Kp_dhap_4,kcat_f_4,kcat_f_5,kcat_f_6,kcat_f_7,kcat_f_8,Ks_3pg_8,kcat_f_9,Ks_pep_9,converged
single,109.38987813753096,63.67034614006795,0.018208890314503758,0.5799971668175313,0.7170046580396954,11.816085132969848,6.7184736599719015,55.541382803181044,0.5241022117528368,0.5439114511276315,3.6006619358088368,3.39593126462825,211.41361727379947,0.17808746679233892,2.9141456865559214,0.0001071384851728408,29.02153780954249,2602.2109329600003,20.953114444889344,85.61433973555826,175.0508862416194,0.00010923058219456209,26.066343273422024,3.9752389196465097,True
multistart,116.31704419680159,80.07680535458013,0.803076328963366,0.3236070209415642,10.199393221770263,49.98578806371364,49.938189316659724,2500.6072355662186,1.7911071465937445,5.433758466182776,50.03218138608204,50.026703712227054,3336.5856426069845,53.47552374280018,50.019102805355075,50.02810322152615,2289.136550686995,2533.864463020939,2488.4667838551236,2479.776817452361,3241.639605617749,16.383037820624477,2496.419325194284,49.728048364077864,True
