{
  "method": "multistart",
  "best_obj": 109.38987813753096,
  "n_converged": 2,
  "obj_median": 112.85346116716627,
  "frac_within": 0.5
}