{
  "met": 0.22893707602435184,
  "flux": 1.2093739420650509,
  "data_norm": 1.1751592667443678,
  "weighted": 7.032610244843911
}