{
  "met": 0.27584468033762116,
  "flux": 1.3388346876100627,
  "data_norm": 1.0309667032000673,
  "weighted": 6.502928976714895
}