{
  "met": 0.2118819447176003,
  "flux": 1.2081557505938447,
  "data_norm": 1.1634172663200288,
  "weighted": 6.909571543905378
}