{
  "met": 0.23537138512266853,
  "flux": 1.2086346650620658,
  "data_norm": 1.1370119328880712,
  "weighted": 6.899532828074573
}