{
  "seed": 0,
  "method": "regime-A profile likelihood (reference-basin branch of the two-basin sweep); CIs and plots restricted to regime=='A'",
  "presentation": "regime A only (reference / global-minimum basin)",
  "ci_anchoring": "per-parameter regime-A profile minimum (saved optimum is not self-reproducible)",
  "conditions": [
    "KO02",
    "KO03",
    "KO04",
    "KO05",
    "KO07",
    "KO08",
    "KO10",
    "KO11",
    "KO12",
    "KO13",
    "KO14",
    "KO15",
    "KO16",
    "KO17",
    "KO18",
    "KO19",
    "KO20",
    "KO21",
    "KO22",
    "KO23",
    "KO24",
    "RF03"
  ],
  "n_conditions": 22,
  "free_params": [
    "v_max_1",
    "Ka2_1",
    "Ka3_1",
    "K_g6p_1",
    "Ks_g6p_pgi",
    "kcat_f_2",
    "kcat_f_3",
    "Ks_fbp_4",
    "kcat_f_4",
    "kcat_f_5",
    "kcat_f_6",
    "kcat_f_7",
    "kcat_f_8",
    "Ks_3pg_8",
    "kcat_f_9",
    "Ks_2pg_9"
  ],
  "profiled_params": [
    "K_g6p_1",
    "Ka2_1",
    "Ka3_1",
    "v_max_1",
    "kcat_f_7",
    "kcat_f_6",
    "kcat_f_3",
    "kcat_f_5",
    "Ks_2pg_9",
    "kcat_f_9",
    "Ks_3pg_8",
    "kcat_f_8",
    "Ks_g6p_pgi",
    "kcat_f_2",
    "Ks_fbp_4",
    "kcat_f_4"
  ],
  "n_grid": 30,
  "log_span": 0.3,
  "regime_A_tol": 12.0,
  "obj_hat_saved": 86.37660239483114,
  "obj_min_global_regime_A": 81.68326608385189,
  "param_regime_A_min": {
    "K_g6p_1": 82.09817612233488,
    "Ka2_1": 83.03085361849115,
    "Ka3_1": 82.00593927747985,
    "v_max_1": 83.23777299319919,
    "kcat_f_7": 84.31090918832919,
    "kcat_f_6": 84.65235308284079,
    "kcat_f_3": 81.68326608385189,
    "kcat_f_5": 84.10535014851186,
    "Ks_2pg_9": 82.89989104088835,
    "kcat_f_9": 82.38579540436052,
    "Ks_3pg_8": 81.98720957803087,
    "kcat_f_8": 83.03153007865215,
    "Ks_g6p_pgi": 83.94034501386888,
    "kcat_f_2": 82.48698406489203,
    "Ks_fbp_4": 84.31236087642894,
    "kcat_f_4": 83.03563295568404
  },
  "chi2_half_offsets": {
    "0.68": 0.4944732407390115,
    "0.95": 1.920729410347062
  },
  "n_grid_points_attempted": 485,
  "n_failures": 3,
  "n_regime_A": 170,
  "n_regime_B": 312,
  "max_consecutive_failures": 3,
  "wall_clock_seconds": null,
  "smoke_test": false,
  "timestamp": "2026-07-02T00:47:38.044756Z"
}