start,obj_value,v_max_1,Ka1_1,Ka2_1,Ka3_1,K_g6p_1,kcat_f_2,Ks_f6p_3,Ks_atp_3,kcat_f_3,Ks_fbp_4,kcat_f_4,kcat_f_5,kcat_f_6,kcat_f_7,kcat_f_8,Ks_3pg_8,kcat_f_9,converged
multistart,103.22628585815488,3593.771114042543,22.04601392459968,22.26406149972626,48.70571039847657,49.99095185442314,5046.465121708921,28.85035208872554,0.6908185983652094,7078.6338284716085,63.34314948118918,2926.81428678416,5106.330073414601,5024.402367338251,4880.865194747259,5578.0215460748295,8.338174679656309,5017.857887398465,True
single,105.56124810537563,3393.9040596279187,22.99872850085922,26.56101813993505,48.90635605623237,49.730899889310976,5770.015731744134,0.8288548048907217,21.282256849123407,6260.33929957428,63.54209586144608,2741.12886076776,5435.2837132417035,5988.894086166198,4380.554414668219,4185.483250511325,15.897539864270993,4079.450050715768,True
