{
  "method": "multistart",
  "best_obj": 88.75559887767021,
  "n_converged": 2,
  "obj_median": 103.70747457574711,
  "frac_within": 0.5
}