{
  "method": "multistart",
  "best_obj": 103.22628585815488,
  "n_converged": 2,
  "obj_median": 104.39376698176525,
  "frac_within": 0.5
}