{
  "met": 0.21932033929696806,
  "flux": 1.2077766850468048,
  "data_norm": 0.9138217662986963,
  "weighted": 5.773935643701057
}