{
  "met": 0.220228870287943,
  "flux": 1.208157259980154,
  "data_norm": 1.195144393085368,
  "weighted": 7.091900463608503
}