{
  "met": 0.208161265584313,
  "flux": 1.2081701887533982,
  "data_norm": 1.214699667613565,
  "weighted": 7.005517637868815
}