{
  "met": 0.21773707657953373,
  "flux": 1.207757803808745,
  "data_norm": 0.8972870071675547,
  "weighted": 5.733944313503338
}