param,value
v_max_1,3593.771114042543
Ka1_1,22.04601392459968
Ka2_1,22.26406149972626
Ka3_1,48.70571039847657
K_g6p_1,49.99095185442314
kcat_f_2,5046.465121708921
Ks_f6p_3,28.85035208872554
Ks_atp_3,0.6908185983652094
kcat_f_3,7078.6338284716085
Ks_fbp_4,63.34314948118918
kcat_f_4,2926.81428678416
kcat_f_5,5106.330073414601
kcat_f_6,5024.402367338251
kcat_f_7,4880.865194747259
kcat_f_8,5578.0215460748295
Ks_3pg_8,8.338174679656309
kcat_f_9,5017.857887398465
