{
  "n_boot": 5000,
  "n_converged": 5000,
  "seed": 0,
  "n_jobs": 10,
  "stats": {
    "v_max_1": {
      "mean": 70.73045881706267,
      "std": 4.570636438920666,
      "q025": 61.43312840020208,
      "q975": 77.88560365927853
    },
    "Ka2_1": {
      "mean": 0.22388198070376922,
      "std": 0.3205816967114782,
      "q025": 0.0016113071776856906,
      "q975": 1.1350310970397273
    },
    "Ka3_1": {
      "mean": 6.609393196987625,
      "std": 1.2111489642918944,
      "q025": 3.879451768445928,
      "q975": 8.84064727475949
    },
    "K_g6p_1": {
      "mean": 10.351615206936511,
      "std": 0.3501291141824378,
      "q025": 10.031331851431359,
      "q975": 11.022094143101627
    },
    "Ks_g6p_pgi": {
      "mean": 6.451441160184597,
      "std": 1.8630989256348733,
      "q025": 1.2817805076971158,
      "q975": 8.922906818151763
    },
    "kcat_f_2": {
      "mean": 548.583751357662,
      "std": 33.0501006414909,
      "q025": 489.23223555004404,
      "q975": 605.0789496383712
    },
    "kcat_f_3": {
      "mean": 643.0154950614428,
      "std": 92.94229983846903,
      "q025": 460.5435595117557,
      "q975": 781.5842999929483
    },
    "Ks_fbp_4": {
      "mean": 2.221827356751533,
      "std": 4.1528108224130476,
      "q025": 0.0023507315622012764,
      "q975": 11.823777277523803
    },
    "kcat_f_4": {
      "mean": 93.62217857908486,
      "std": 168.18222249008025,
      "q025": 3.446752319923792,
      "q975": 466.59526957834197
    },
    "kcat_f_5": {
      "mean": 4071.9263033890306,
      "std": 1024.819231655521,
      "q025": 2374.9544739278886,
      "q975": 5055.116857204467
    },
    "kcat_f_6": {
      "mean": 399.7826341778084,
      "std": 130.82224368190745,
      "q025": 31.732600733026448,
      "q975": 539.703984898468
    },
    "kcat_f_7": {
      "mean": 839.5116475571826,
      "std": 187.0836920455945,
      "q025": 507.7167784797587,
      "q975": 986.2657235386994
    },
    "kcat_f_8": {
      "mean": 593.4087894914813,
      "std": 120.32240871337586,
      "q025": 230.82365673196816,
      "q975": 770.7994425082729
    },
    "Ks_3pg_8": {
      "mean": 3.4515600681531557,
      "std": 2.372467239185279,
      "q025": 0.2457373286091845,
      "q975": 9.185090496066096
    },
    "kcat_f_9": {
      "mean": 420.5973064171437,
      "std": 105.60015153269336,
      "q025": 263.6315761966833,
      "q975": 581.8513735364793
    },
    "Ks_2pg_9": {
      "mean": 2.411833849732955,
      "std": 3.1944213812923756,
      "q025": 0.0013836886438793738,
      "q975": 9.213549874835506
    }
  }
}