{
  "n_boot": 10000,
  "n_converged": 9999,
  "seed": 0,
  "n_jobs": 10,
  "stats": {
    "v_max_1": {
      "mean": 74.45808168425071,
      "std": 5.5880832572346435,
      "q025": 63.58173551131373,
      "q975": 81.31359043398288
    },
    "Ka2_1": {
      "mean": 0.2469421011869738,
      "std": 0.3160577292668517,
      "q025": 0.002698633147899315,
      "q975": 1.1410539424537494
    },
    "Ka3_1": {
      "mean": 5.925713257642004,
      "std": 1.1038748259167526,
      "q025": 3.793901965333846,
      "q975": 8.229901435585369
    },
    "K_g6p_1": {
      "mean": 10.620224106989957,
      "std": 0.4853772587840795,
      "q025": 10.044125913408209,
      "q975": 11.27746786791243
    },
    "Ks_g6p_pgi": {
      "mean": 6.125251290699821,
      "std": 2.009504470864569,
      "q025": 0.9271092107333829,
      "q975": 8.738498458321976
    },
    "kcat_f_2": {
      "mean": 532.7084560056073,
      "std": 59.38906646484248,
      "q025": 396.0156553380172,
      "q975": 599.3685057240727
    },
    "Ks_f6p_3": {
      "mean": 0.7084236656836422,
      "std": 0.26339398703134353,
      "q025": 0.26605766833453176,
      "q975": 1.2245259271516293
    },
    "Ks_atp_3": {
      "mean": 1.7730331458024413,
      "std": 0.46356018790336334,
      "q025": 0.6883529124090481,
      "q975": 2.384160256776682
    },
    "kcat_f_3": {
      "mean": 711.4569743566302,
      "std": 32.218438431949096,
      "q025": 661.5768205864265,
      "q975": 753.8682858083915
    },
    "Ks_fbp_4": {
      "mean": 1.6562177975724692,
      "std": 3.8061001989799683,
      "q025": 0.0019665031889563246,
      "q975": 11.358129258561506
    },
    "kcat_f_4": {
      "mean": 69.22886179811259,
      "std": 151.33674252110143,
      "q025": 3.4346016716130316,
      "q975": 462.33728385753176
    },
    "kcat_f_5": {
      "mean": 2337.636674186573,
      "std": 1571.5116857385533,
      "q025": 903.9865899526075,
      "q975": 5035.714316400682
    },
    "kcat_f_6": {
      "mean": 381.60209327259645,
      "std": 136.25710123759347,
      "q025": 15.371267428367466,
      "q975": 567.6469961120129
    },
    "kcat_f_7": {
      "mean": 881.2289290024203,
      "std": 170.29540490842945,
      "q025": 510.0843180828562,
      "q975": 984.2588343149317
    },
    "kcat_f_8": {
      "mean": 590.410797813118,
      "std": 101.65065245284535,
      "q025": 379.69102617708097,
      "q975": 788.7424628907179
    },
    "Ks_3pg_8": {
      "mean": 3.678494971426827,
      "std": 2.1366570020637727,
      "q025": 1.0008222724470381,
      "q975": 9.042940668724937
    },
    "kcat_f_9": {
      "mean": 380.79749107859396,
      "std": 130.89278448980568,
      "q025": 235.43938289393876,
      "q975": 582.0430058954415
    },
    "Ks_2pg_9": {
      "mean": 2.174712238952304,
      "std": 3.0284719916099596,
      "q025": 0.0015231550005648943,
      "q975": 8.874923475968618
    }
  }
}