{
  "n_boot": 10000,
  "n_converged": 9831,
  "seed": 0,
  "n_jobs": 10,
  "stats": {
    "v_max_1": {
      "mean": 63.75524819675082,
      "std": 15.551484118264032,
      "q025": 31.428416893033372,
      "q975": 81.39033323632052
    },
    "Ka1_1": {
      "mean": 0.0896413006591865,
      "std": 0.18875998006868488,
      "q025": 0.0012393602701366066,
      "q975": 0.7630583846900636
    },
    "Ka2_1": {
      "mean": 0.35162855296868917,
      "std": 0.305524983601431,
      "q025": 0.005694091352877942,
      "q975": 1.0997878495937377
    },
    "Ka3_1": {
      "mean": 3.32767941728898,
      "std": 2.181259747845952,
      "q025": 0.41870989909878453,
      "q975": 6.8162505696775675
    },
    "K_g6p_1": {
      "mean": 6.287819532766919,
      "std": 3.3195341698047773,
      "q025": 1.2623918450748457,
      "q975": 10.330326968678289
    },
    "Ks_g6p_pgi": {
      "mean": 1.96742319751652,
      "std": 2.75385791513013,
      "q025": 0.0010585986231055125,
      "q975": 7.970079373344632
    },
    "Kp_f6p_pgi": {
      "mean": 5.784700609541206,
      "std": 3.468023093894033,
      "q025": 0.9099835445058121,
      "q975": 10.217509224500153
    },
    "kcat_f_2": {
      "mean": 227.1435305879036,
      "std": 210.511530868109,
      "q025": 29.407223922513126,
      "q975": 605.0578924962156
    },
    "Ks_f6p_3": {
      "mean": 0.5453216175276697,
      "std": 1.102153807123454,
      "q025": 0.0010411905162503782,
      "q975": 2.548500077901293
    },
    "Ks_atp_3": {
      "mean": 0.8042478517881129,
      "std": 1.5894885853158112,
      "q025": 0.0011856660000786686,
      "q975": 5.03774193463897
    },
    "Kp_fbp_3": {
      "mean": 3.6833275307054256,
      "std": 4.304373282220409,
      "q025": 0.0010328318349300616,
      "q975": 10.110331590485776
    },
    "Kp_adp_3": {
      "mean": 3.8643981708155404,
      "std": 4.290622192932891,
      "q025": 0.001288846084894039,
      "q975": 10.154427433328816
    },
    "kcat_f_3": {
      "mean": 280.3779577954088,
      "std": 216.58105504600735,
      "q025": 109.15039552592133,
      "q975": 699.2225965594233
    },
    "Ks_fbp_4": {
      "mean": 2.4312954005930627,
      "std": 3.9982190741065433,
      "q025": 0.0025680344424698584,
      "q975": 12.060153927143404
    },
    "Kp_g3p_4": {
      "mean": 7.13696460670488,
      "std": 2.764749579835828,
      "q025": 2.2238313714192515,
      "q975": 10.07226876643108
    },
    "Kp_dhap_4": {
      "mean": 6.269296014707352,
      "std": 3.2377856981393767,
      "q025": 1.2713467918425267,
      "q975": 10.05563093174741
    },
    "kcat_f_4": {
      "mean": 102.62761315809908,
      "std": 159.24714198667525,
      "q025": 3.54890901754294,
      "q975": 492.3651828493915
    },
    "kcat_f_5": {
      "mean": 3506.069414601926,
      "std": 1645.2679087552117,
      "q025": 1265.8577215614816,
      "q975": 6094.582270848427
    },
    "Ks_dhap_5": {
      "mean": 3.0755333597846763,
      "std": 3.0054127442886545,
      "q025": 0.0016789093901370942,
      "q975": 8.585249626552125
    },
    "Kp_g3p_5": {
      "mean": 5.4683910751053935,
      "std": 3.6106429347642717,
      "q025": 0.6893158079852505,
      "q975": 10.07783795662954
    },
    "kcat_f_6": {
      "mean": 325.0188390525166,
      "std": 227.6087122420711,
      "q025": 48.09695267508945,
      "q975": 682.5617822918116
    },
    "Ks_g3p_6": {
      "mean": 2.3151413755757173,
      "std": 1.9303010768484288,
      "q025": 0.001033322682278926,
      "q975": 7.349124790980154
    },
    "Ks_pi_6": {
      "mean": 1.9353152934862417,
      "std": 1.9035304717725956,
      "q025": 0.0010330956909938409,
      "q975": 7.018460488705104
    },
    "Ks_nad_6": {
      "mean": 0.3065864438980726,
      "std": 1.0962314999082905,
      "q025": 0.0010011905059674835,
      "q975": 3.2410392917244644
    },
    "Kp_pgp_6": {
      "mean": 7.697648758605559,
      "std": 2.473989641590423,
      "q025": 2.977913320425014,
      "q975": 10.434619289388152
    },
    "Kp_nadh_6": {
      "mean": 7.564404175371011,
      "std": 2.5632794649178217,
      "q025": 2.7730952805057276,
      "q975": 10.38559930389289
    },
    "kcat_f_7": {
      "mean": 302.4864831273667,
      "std": 250.13678910001565,
      "q025": 36.36613505341678,
      "q975": 722.5833734497803
    },
    "Ks_pgp_7": {
      "mean": 0.0074614129443370154,
      "std": 0.09595910972459085,
      "q025": 0.0010103218772912303,
      "q975": 0.0019954025488920176
    },
    "Ks_adp_7": {
      "mean": 0.0027009550152218317,
      "std": 0.05279456042590773,
      "q025": 0.0010091972085408442,
      "q975": 0.0018461398708568358
    },
    "Ks_3pg_7": {
      "mean": 6.706681832654698,
      "std": 3.1193318061163797,
      "q025": 1.4162290138785947,
      "q975": 10.546228743433648
    },
    "Ks_atp_7": {
      "mean": 6.550173832257908,
      "std": 3.213148770581442,
      "q025": 1.1429544993614016,
      "q975": 10.54494290398298
    },
    "kcat_f_8": {
      "mean": 268.39827581094005,
      "std": 205.25896548843266,
      "q025": 29.564422121924125,
      "q975": 694.6823379825624
    },
    "Ks_3pg_8": {
      "mean": 1.2810830868716514,
      "std": 2.4716320912730603,
      "q025": 0.0010011689016381073,
      "q975": 8.75015016277929
    },
    "Ks_2pg_8": {
      "mean": 5.417402134069771,
      "std": 3.6181470400889166,
      "q025": 0.6198310263144751,
      "q975": 10.063750082166262
    },
    "kcat_f_9": {
      "mean": 253.69461519948567,
      "std": 193.53036451399942,
      "q025": 49.21322938230307,
      "q975": 605.3124437410762
    },
    "Ks_2pg_9": {
      "mean": 1.5684987333257852,
      "std": 2.7396388208209843,
      "q025": 0.0010069430609644294,
      "q975": 8.219590457737706
    },
    "Ks_pep_9": {
      "mean": 7.040813117121906,
      "std": 2.9713282004305803,
      "q025": 1.9844707107033237,
      "q975": 10.285537962418672
    }
  }
}