{
  "method": "multistart",
  "best_obj": 82.11142679085057,
  "n_converged": 2,
  "obj_median": 324.9445686319773,
  "frac_within": 0.5
}