{
  "method": "multistart",
  "best_obj": 112.97496652854474,
  "n_converged": 2,
  "obj_median": 115.61002172950148,
  "frac_within": 0.5
}