start,obj_value,v_max_1,Ka1_1,Ka2_1,Ka3_1,Ks_g6p_pgi,Kp_f6p_pgi,kcat_f_2,Ks_f6p_3,Ks_atp_3,Kp_fbp_3,Kp_adp_3,kcat_f_3,Ks_fbp_4,Kp_g3p_4,Kp_dhap_4,kcat_f_4,kcat_f_5,Ks_dhap_5,Kp_g3p_5,kcat_f_6,Ks_g3p_6,Ks_pi_6,Ks_nad_6,Kp_pgp_6,Kp_nadh_6,kcat_f_7,Ks_pgp_7,Ks_adp_7,Ks_3pg_7,Ks_atp_7,kcat_f_8,Ks_3pg_8,Ks_2pg_8,kcat_f_9,Ks_2pg_9,Ks_pep_9,converged
multistart,112.97496652854474,1465.3744517526989,27.395598149899627,14.745624634630119,51.697624649650834,23.676136885877703,85.30689499654089,9967.768255351863,5.191914727896773,3.9596766981555183,55.90144358128571,55.763878347094355,9983.66029808667,26.81925000368272,54.865210951955824,53.80362689712913,2100.2566515648373,3386.9498554685006,0.00010404214562096321,31.324829265130354,2512.117399561196,11.228300362025783,0.00010021577142197883,1.7827576060689985,40.39617967807713,53.85014082071614,5025.155403364823,0.18020534726407594,0.00010007839680338068,35.519696386718884,31.82878704622556,1343.4240894151371,2.637562936180892,54.10884833881525,6781.010518739451,1.9209277003701268,56.27592684288453,True
single,118.24507693045824,3279.8820205273837,36.06697940342527,37.14456376477535,48.54205911077443,11.719850051660547,50.00459940422631,5002.272471724905,0.8622947363177496,15.63018795272738,50.00357144896299,50.00186238572916,6541.331657664281,57.46956842739899,50.00161212328646,50.00182306045837,3901.7654021974436,5774.137608036869,6.971323953945687,7.68917976659716,6570.253325289894,4.108723495628052,2.954625559839385,0.0001894138917066448,7.140816516069641,6.900790904614976,6716.070279731827,0.0014703956188525727,0.0014703956187286282,13.237662593536893,12.952074898375903,5909.208760778409,33.80771005944699,4.504283813163329,4985.653720980128,3.52745926868057,49.99927405896397,True
