{
  "met": 0.21528926742653004,
  "flux": 1.207607512098165,
  "data_norm": 1.308521586531596,
  "weighted": 7.175148365339471
}