{
  "met": 0.20752797839307965,
  "flux": 1.2062443970792185,
  "data_norm": 1.189325955821303,
  "weighted": 6.939537543082105
}