{
  "met": 0.2100932677984495,
  "flux": 1.2080815997526608,
  "data_norm": 1.2703032890200605,
  "weighted": 7.36719387804539
}