{
  "met": 0.20482780635426556,
  "flux": 1.2086085456613045,
  "data_norm": 1.3115034358848603,
  "weighted": 7.054638804272508
}