param,value
v_max_1,74.29887978408026
Ka2_1,0.06036889325218061
Ka3_1,5.190127563241804
K_g6p_1,10.695770988172844
Ks_g6p_pgi,1.3702236048296759
kcat_f_2,521.3764598356291
kcat_f_3,693.6841067135074
kcat_f_4,3.6723349133207863
kcat_f_5,2911.5804492903167
kcat_f_6,15.527731274350225
kcat_f_7,980.6324826037642
kcat_f_8,613.0282204903998
Ks_3pg_8,0.2610138930319528
kcat_f_9,303.3980704153382
Ks_2pg_9,0.013959937887075636
